[
  {
        "quote": "Jangan pernah menyerah untuk meraih menjadi mastah, karna suatu saat newbie akan di atas"
  },
  {
        "quote": "ingat mastah tidak selalu di atas, jadi kita yang newbie jangan pernah menyerah"
  },  
  {
        "quote": "ingat kita butuh asupan tali BH bro:v"
  },
  {
        "quote": "sudah lah kawan jangan menjadi badut trus:v"
  },
  {
        "quote": "Bila tekad seseorang kuat dan teguh, Tuhan akan bergabung dalam usahanya."
  },
  {
        "quote": "Penderitaan adalah pelajaran."
  },
  {
        "quote": "Jika Anda harus membuat pilihan dan Anda tidak melakukannya, itu saja sudah pilihan."
  },
  {
        "quote": "Kebanyakan orang gagal meraih cita-citanya bukan karena mereka tidak mampu, tetapi karena tidak berkomitmen."
  },
  {
        "quote": "Kita tidak harus hebat saat memulai, tapi kita harus memulai untuk menjadi hebat."
  }
]